tier,offered,notOfferedReason,marketId,eventType,userDirection,openDate,settleDate,daysToSettle,barrier,yesPrice,recordedOutcome,derivedOutcome,outcomeMismatch,btcAtOpen,btcAtSettle,btcMovePct,rvol30d,instrument,K_long,K_short,spreadWidth,feeUsd,feePctOfStake,rebateFloorUsd,spreadMaxPayoutUsd,totalMaxPayoutUsd,worstCaseLossFracOfStake,hedgeTriggered,spreadPayoutUsd,shieldPayoutUsd,totalPayoutUsd,kalshiPnlUsd,userNetWithProtectionUsd,userSavedUsd,recoveryPctOfStake,platformRevenueUsd,platformHedgeCostUsd,platformNetPnlUsd
lite,YES,,KXBTCD-24JAN31-50000,ABOVE,yes,2024-01-01,2024-01-31,30,50000,58,yes,no,YES,44221,42548,-3.78,46.97,put,0,0,0,4.45,7.68,7.35,0,7.35,95,YES,0,7.35,7.35,-58,-55.1,2.9,12.68,4.45,3.09,1.14
standard,YES,,KXBTCD-24JAN31-50000,ABOVE,yes,2024-01-01,2024-01-31,30,50000,58,yes,no,YES,44221,42548,-3.78,46.97,put,0,0,0,13.36,23.04,22.06,0,22.06,85,YES,0,22.06,22.06,-58,-49.3,8.7,38.04,13.36,9.27,3.43
shield,YES,,KXBTCD-24JAN31-50000,ABOVE,yes,2024-01-01,2024-01-31,30,50000,58,yes,no,YES,44221,42548,-3.78,46.97,put,0,0,0,26.72,46.07,44.12,0,44.12,70,YES,0,44.12,44.12,-58,-40.6,17.4,76.07,26.72,18.53,6.87
shield_plus,NO,target W=0.70 requires rebate 62.40 > stake 58.00,KXBTCD-24JAN31-50000,ABOVE,yes,2024-01-01,2024-01-31,30,50000,58,yes,no,YES,44221,42548,-3.78,46.97,none,0,0,0,0,0,0,0,0,100,NO,0,0,0,-58,-58,0,0,0,0,0
lite,YES,,KXBTCD-24FEB29-50000,ABOVE,yes,2024-01-31,2024-02-29,29,50000,72,yes,yes,NO,42548,61179,43.79,54.3,put,0,0,0,2.44,3.39,6.04,0,6.04,95,NO,0,0,0,28,25.56,-2.44,0,2.44,1.69,0.75
standard,YES,,KXBTCD-24FEB29-50000,ABOVE,yes,2024-01-31,2024-02-29,29,50000,72,yes,yes,NO,42548,61179,43.79,54.3,put,0,0,0,7.31,10.16,18.11,0,18.11,85,NO,0,0,0,28,20.69,-7.31,0,7.31,5.07,2.24
shield,YES,,KXBTCD-24FEB29-50000,ABOVE,yes,2024-01-31,2024-02-29,29,50000,72,yes,yes,NO,42548,61179,43.79,54.3,put,0,0,0,14.63,20.32,36.23,0,36.23,70,NO,0,0,0,28,13.37,-14.63,0,14.63,10.14,4.48
shield_plus,YES,,KXBTCD-24FEB29-50000,ABOVE,yes,2024-01-31,2024-02-29,29,50000,72,yes,yes,NO,42548,61179,43.79,54.3,put,50000,45000,5000,31.39,43.6,52.99,8.46,61.45,70,NO,0,0,0,28,-3.39,-31.39,0,31.39,21.98,9.41
lite,YES,,KXBTCD-24MAR28-60000,ABOVE,yes,2024-02-29,2024-03-28,28,60000,74,yes,yes,NO,61179,70801,15.73,46.11,put,0,0,0,2.22,3,5.92,0,5.92,95,NO,0,0,0,26,23.78,-2.22,0,2.22,1.54,0.68
standard,YES,,KXBTCD-24MAR28-60000,ABOVE,yes,2024-02-29,2024-03-28,28,60000,74,yes,yes,NO,61179,70801,15.73,46.11,put,0,0,0,6.66,9,17.76,0,17.76,85,NO,0,0,0,26,19.34,-6.66,0,6.66,4.62,2.04
shield,YES,,KXBTCD-24MAR28-60000,ABOVE,yes,2024-02-29,2024-03-28,28,60000,74,yes,yes,NO,61179,70801,15.73,46.11,put,0,0,0,13.32,17.99,35.52,0,35.52,70,NO,0,0,0,26,12.68,-13.32,0,13.32,9.23,4.08
shield_plus,YES,,KXBTCD-24MAR28-60000,ABOVE,yes,2024-02-29,2024-03-28,28,60000,74,yes,yes,NO,61179,70801,15.73,46.11,put,60000,55000,5000,18.34,24.78,40.54,6.05,46.59,70,NO,0,0,0,26,7.66,-18.34,0,18.34,12.78,5.56
lite,YES,,KXBTCD-24APR30-65000,ABOVE,yes,2024-04-01,2024-04-30,29,65000,61,no,no,NO,69682,60622,-13,76.6,put,0,0,0,3.92,6.43,6.97,0,6.97,95,YES,0,6.97,6.97,-61,-57.95,3.05,11.43,3.92,2.72,0.99
standard,YES,,KXBTCD-24APR30-65000,ABOVE,yes,2024-04-01,2024-04-30,29,65000,61,no,no,NO,69682,60622,-13,76.6,put,0,0,0,11.76,19.28,20.91,0,20.91,85,YES,0,20.91,20.91,-61,-51.85,9.15,34.28,11.76,8.15,2.98
shield,YES,,KXBTCD-24APR30-65000,ABOVE,yes,2024-04-01,2024-04-30,29,65000,61,no,no,NO,69682,60622,-13,76.6,put,0,0,0,23.52,38.55,41.82,0,41.82,70,YES,0,41.82,41.82,-61,-42.7,18.3,68.55,23.52,16.31,5.95
shield_plus,YES,,KXBTCD-24APR30-65000,ABOVE,yes,2024-04-01,2024-04-30,29,65000,61,no,no,NO,69682,60622,-13,76.6,put,65000,60000,5000,28.97,47.5,47.27,4.38,51.65,70,YES,3.83,47.27,51.11,-61,-38.87,22.13,83.78,28.97,20.14,7.41
lite,YES,,KXBTCD-24MAY31-65000,ABOVE,yes,2024-05-01,2024-05-31,30,65000,55,no,yes,YES,58266,67472,15.8,54.32,put,0,0,0,5.08,9.24,7.83,0,7.83,95,NO,0,0,0,45,39.92,-5.08,0,5.08,3.52,1.56
standard,YES,,KXBTCD-24MAY31-65000,ABOVE,yes,2024-05-01,2024-05-31,30,65000,55,no,yes,YES,58266,67472,15.8,54.32,put,0,0,0,15.25,27.72,23.5,0,23.5,85,NO,0,0,0,45,29.75,-15.25,0,15.25,10.57,4.67
shield,YES,,KXBTCD-24MAY31-65000,ABOVE,yes,2024-05-01,2024-05-31,30,65000,55,no,yes,YES,58266,67472,15.8,54.32,put,0,0,0,30.5,55.45,47,0,47,70,NO,0,0,0,45,14.5,-30.5,0,30.5,21.15,9.35
shield_plus,NO,target W=0.70 requires rebate 61.49 > stake 55.00,KXBTCD-24MAY31-65000,ABOVE,yes,2024-05-01,2024-05-31,30,65000,55,no,yes,YES,58266,67472,15.8,54.32,none,0,0,0,0,0,0,0,0,100,NO,0,0,0,45,45,0,0,0,0,0
lite,YES,,KXBTCD-24JUN28-65000,ABOVE,yes,2024-06-01,2024-06-28,27,65000,48,no,no,NO,67719,60313,-10.94,52.53,put,0,0,0,7.19,14.99,9.59,0,9.59,95,YES,0,9.59,9.59,-48,-45.6,2.4,19.99,7.19,4.99,1.92
standard,YES,,KXBTCD-24JUN28-65000,ABOVE,yes,2024-06-01,2024-06-28,27,65000,48,no,no,NO,67719,60313,-10.94,52.53,put,0,0,0,21.58,44.96,28.78,0,28.78,85,YES,0,28.78,28.78,-48,-40.8,7.2,59.96,21.58,14.97,5.75
shield,NO,target W=0.70 requires rebate 57.56 > stake 48.00,KXBTCD-24JUN28-65000,ABOVE,yes,2024-06-01,2024-06-28,27,65000,48,no,no,NO,67719,60313,-10.94,52.53,none,0,0,0,0,0,0,0,0,100,NO,0,0,0,-48,-48,0,0,0,0,0
shield_plus,NO,target W=0.70 requires rebate 64.56 > stake 48.00,KXBTCD-24JUN28-65000,ABOVE,yes,2024-06-01,2024-06-28,27,65000,48,no,no,NO,67719,60313,-10.94,52.53,none,0,0,0,0,0,0,0,0,100,NO,0,0,0,-48,-48,0,0,0,0,0
lite,YES,,KXBTCD-24JUL31-65000,ABOVE,yes,2024-07-01,2024-07-31,30,65000,45,no,no,NO,62830,64610,2.83,32.89,put,0,0,0,8.62,19.17,10.87,0,10.87,95,YES,0,10.87,10.87,-45,-42.75,2.25,24.17,8.62,5.98,2.32
standard,YES,,KXBTCD-24JUL31-65000,ABOVE,yes,2024-07-01,2024-07-31,30,65000,45,no,no,NO,62830,64610,2.83,32.89,put,0,0,0,25.87,57.5,32.62,0,32.62,85,YES,0,32.62,32.62,-45,-38.25,6.75,72.5,25.87,17.94,6.95
shield,NO,target W=0.70 requires rebate 65.25 > stake 45.00,KXBTCD-24JUL31-65000,ABOVE,yes,2024-07-01,2024-07-31,30,65000,45,no,no,NO,62830,64610,2.83,32.89,none,0,0,0,0,0,0,0,0,100,NO,0,0,0,-45,-45,0,0,0,0,0
shield_plus,NO,target W=0.70 requires rebate 78.17 > stake 45.00,KXBTCD-24JUL31-65000,ABOVE,yes,2024-07-01,2024-07-31,30,65000,45,no,no,NO,62830,64610,2.83,32.89,none,0,0,0,0,0,0,0,0,100,NO,0,0,0,-45,-45,0,0,0,0,0
lite,YES,,KXBTCD-24AUG30-60000,ABOVE,yes,2024-07-31,2024-08-30,30,60000,55,no,no,NO,64610,59113,-8.51,47.39,put,0,0,0,5.08,9.24,7.83,0,7.83,95,YES,0,7.83,7.83,-55,-52.25,2.75,14.24,5.08,3.52,1.32
standard,YES,,KXBTCD-24AUG30-60000,ABOVE,yes,2024-07-31,2024-08-30,30,60000,55,no,no,NO,64610,59113,-8.51,47.39,put,0,0,0,15.25,27.72,23.5,0,23.5,85,YES,0,23.5,23.5,-55,-46.75,8.25,42.72,15.25,10.57,3.97
shield,YES,,KXBTCD-24AUG30-60000,ABOVE,yes,2024-07-31,2024-08-30,30,60000,55,no,no,NO,64610,59113,-8.51,47.39,put,0,0,0,30.5,55.45,47,0,47,70,YES,0,47,47,-55,-38.5,16.5,85.45,30.5,21.15,7.94
shield_plus,YES,,KXBTCD-24AUG30-60000,ABOVE,yes,2024-07-31,2024-08-30,30,60000,55,no,no,NO,64610,59113,-8.51,47.39,put,60000,55000,5000,35.02,63.67,51.52,4.26,55.78,70,YES,0.76,51.52,52.28,-55,-37.74,17.26,95.05,35.02,24.32,9.16
lite,YES,,KXBTCD-24SEP27-60000,ABOVE,yes,2024-09-01,2024-09-27,26,60000,60,yes,yes,NO,57299,65789,14.82,67.07,put,0,0,0,4.09,6.81,7.09,0,7.09,95,NO,0,0,0,40,35.91,-4.09,0,4.09,2.84,1.25
standard,YES,,KXBTCD-24SEP27-60000,ABOVE,yes,2024-09-01,2024-09-27,26,60000,60,yes,yes,NO,57299,65789,14.82,67.07,put,0,0,0,12.27,20.44,21.27,0,21.27,85,NO,0,0,0,40,27.73,-12.27,0,12.27,8.51,3.76
shield,YES,,KXBTCD-24SEP27-60000,ABOVE,yes,2024-09-01,2024-09-27,26,60000,60,yes,yes,NO,57299,65789,14.82,67.07,put,0,0,0,24.53,40.89,42.53,0,42.53,70,NO,0,0,0,40,15.47,-24.53,0,24.53,17.01,7.52
shield_plus,YES,,KXBTCD-24SEP27-60000,ABOVE,yes,2024-09-01,2024-09-27,26,60000,60,yes,yes,NO,57299,65789,14.82,67.07,put,60000,55000,5000,34.88,58.14,52.88,5.24,58.12,70,NO,0,0,0,40,5.12,-34.88,0,34.88,24.28,10.6
lite,YES,,KXBTCD-24OCT31-65000,ABOVE,yes,2024-10-01,2024-10-31,30,65000,70,yes,yes,NO,60790,70198,15.48,44.04,put,0,0,0,2.67,3.81,6.17,0,6.17,95,NO,0,0,0,30,27.33,-2.67,0,2.67,1.85,0.82
standard,YES,,KXBTCD-24OCT31-65000,ABOVE,yes,2024-10-01,2024-10-31,30,65000,70,yes,yes,NO,60790,70198,15.48,44.04,put,0,0,0,8.01,11.44,18.51,0,18.51,85,NO,0,0,0,30,21.99,-8.01,0,8.01,5.55,2.45
shield,YES,,KXBTCD-24OCT31-65000,ABOVE,yes,2024-10-01,2024-10-31,30,65000,70,yes,yes,NO,60790,70198,15.48,44.04,put,0,0,0,16.01,22.87,37.01,0,37.01,70,NO,0,0,0,30,13.99,-16.01,0,16.01,11.1,4.91
shield_plus,YES,,KXBTCD-24OCT31-65000,ABOVE,yes,2024-10-01,2024-10-31,30,65000,70,yes,yes,NO,60790,70198,15.48,44.04,put,65000,60000,5000,25.56,36.52,46.56,5.76,52.32,70,NO,0,0,0,30,4.44,-25.56,0,25.56,17.84,7.72
lite,YES,,KXBTCD-24NOV29-80000,ABOVE,yes,2024-11-01,2024-11-29,28,80000,62,yes,yes,NO,69467,97491,40.34,36.89,put,0,0,0,3.76,6.06,6.86,0,6.86,95,NO,0,0,0,38,34.24,-3.76,0,3.76,2.61,1.15
standard,YES,,KXBTCD-24NOV29-80000,ABOVE,yes,2024-11-01,2024-11-29,28,80000,62,yes,yes,NO,69467,97491,40.34,36.89,put,0,0,0,11.27,18.18,20.57,0,20.57,85,NO,0,0,0,38,26.73,-11.27,0,11.27,7.82,3.46
shield,YES,,KXBTCD-24NOV29-80000,ABOVE,yes,2024-11-01,2024-11-29,28,80000,62,yes,yes,NO,69467,97491,40.34,36.89,put,0,0,0,22.55,36.37,41.15,0,41.15,70,NO,0,0,0,38,15.45,-22.55,0,22.55,15.64,6.91
shield_plus,YES,,KXBTCD-24NOV29-80000,ABOVE,yes,2024-11-01,2024-11-29,28,80000,62,yes,yes,NO,69467,97491,40.34,36.89,put,80000,75000,5000,35.16,56.71,53.76,4.46,58.22,70,NO,0,0,0,38,2.84,-35.16,0,35.16,24.5,10.66
lite,YES,,KXBTCD-24DEC31-100000,ABOVE,yes,2024-12-01,2024-12-31,30,100000,72,no,no,NO,97263,93354,-4.02,60.05,put,0,0,0,2.44,3.39,6.04,0,6.04,95,YES,0,6.04,6.04,-72,-68.4,3.6,8.39,2.44,1.69,0.57
standard,YES,,KXBTCD-24DEC31-100000,ABOVE,yes,2024-12-01,2024-12-31,30,100000,72,no,no,NO,97263,93354,-4.02,60.05,put,0,0,0,7.31,10.16,18.11,0,18.11,85,YES,0,18.11,18.11,-72,-61.2,10.8,25.16,7.31,5.07,1.7
shield,YES,,KXBTCD-24DEC31-100000,ABOVE,yes,2024-12-01,2024-12-31,30,100000,72,no,no,NO,97263,93354,-4.02,60.05,put,0,0,0,14.63,20.32,36.23,0,36.23,70,YES,0,36.23,36.23,-72,-50.4,21.6,50.32,14.63,10.14,3.4
shield_plus,YES,,KXBTCD-24DEC31-100000,ABOVE,yes,2024-12-01,2024-12-31,30,100000,72,no,no,NO,97263,93354,-4.02,60.05,put,100000,95000,5000,19.78,27.48,41.38,3.7,45.08,70,YES,3.7,41.38,45.08,-72,-46.7,25.3,62.62,19.78,13.78,4.76
lite,YES,,KXBTCD-25JAN31-100000,ABOVE,yes,2025-01-01,2025-01-31,30,100000,68,yes,yes,NO,94384,102411,8.51,44.76,put,0,0,0,2.91,4.28,6.31,0,6.31,95,NO,0,0,0,32,29.09,-2.91,0,2.91,2.02,0.89
standard,YES,,KXBTCD-25JAN31-100000,ABOVE,yes,2025-01-01,2025-01-31,30,100000,68,yes,yes,NO,94384,102411,8.51,44.76,put,0,0,0,8.74,12.85,18.94,0,18.94,85,NO,0,0,0,32,23.26,-8.74,0,8.74,6.06,2.68
shield,YES,,KXBTCD-25JAN31-100000,ABOVE,yes,2025-01-01,2025-01-31,30,100000,68,yes,yes,NO,94384,102411,8.51,44.76,put,0,0,0,17.48,25.7,37.88,0,37.88,70,NO,0,0,0,32,14.52,-17.48,0,17.48,12.12,5.36
shield_plus,YES,,KXBTCD-25JAN31-100000,ABOVE,yes,2025-01-01,2025-01-31,30,100000,68,yes,yes,NO,94384,102411,8.51,44.76,put,100000,95000,5000,24.02,35.32,44.42,3.6,48.02,70,NO,0,0,0,32,7.98,-24.02,0,24.02,16.73,7.29
lite,YES,,KXBTCD-25FEB28-100000,ABOVE,yes,2025-02-01,2025-02-28,27,100000,58,no,no,NO,100624,84298,-16.22,43.62,put,0,0,0,4.45,7.68,7.35,0,7.35,95,YES,0,7.35,7.35,-58,-55.1,2.9,12.68,4.45,3.09,1.14
standard,YES,,KXBTCD-25FEB28-100000,ABOVE,yes,2025-02-01,2025-02-28,27,100000,58,no,no,NO,100624,84298,-16.22,43.62,put,0,0,0,13.36,23.04,22.06,0,22.06,85,YES,0,22.06,22.06,-58,-49.3,8.7,38.04,13.36,9.27,3.43
shield,YES,,KXBTCD-25FEB28-100000,ABOVE,yes,2025-02-01,2025-02-28,27,100000,58,no,no,NO,100624,84298,-16.22,43.62,put,0,0,0,26.72,46.07,44.12,0,44.12,70,YES,0,44.12,44.12,-58,-40.6,17.4,76.07,26.72,18.53,6.87
shield_plus,YES,,KXBTCD-25FEB28-100000,ABOVE,yes,2025-02-01,2025-02-28,27,100000,58,no,no,NO,100624,84298,-16.22,43.62,put,100000,95000,5000,31.22,53.82,48.62,2.88,51.5,70,YES,2.88,48.62,51.5,-58,-37.72,20.28,88.79,31.22,21.68,8.07
lite,YES,,KXBTCD-25MAR28-90000,ABOVE,yes,2025-03-01,2025-03-28,27,90000,52,no,no,NO,86019,84382,-1.9,39.56,put,0,0,0,5.85,11.24,8.45,0,8.45,95,YES,0,8.45,8.45,-52,-49.4,2.6,16.24,5.85,4.05,1.54
standard,YES,,KXBTCD-25MAR28-90000,ABOVE,yes,2025-03-01,2025-03-28,27,90000,52,no,no,NO,86019,84382,-1.9,39.56,put,0,0,0,17.54,33.73,25.34,0,25.34,85,YES,0,25.34,25.34,-52,-44.2,7.8,48.73,17.54,12.16,4.62
shield,YES,,KXBTCD-25MAR28-90000,ABOVE,yes,2025-03-01,2025-03-28,27,90000,52,no,no,NO,86019,84382,-1.9,39.56,put,0,0,0,35.08,67.45,50.68,0,50.68,70,YES,0,50.68,50.68,-52,-36.4,15.6,97.45,35.08,24.32,9.23
shield_plus,NO,target W=0.70 requires rebate 59.50 > stake 52.00,KXBTCD-25MAR28-90000,ABOVE,yes,2025-03-01,2025-03-28,27,90000,52,no,no,NO,86019,84382,-1.9,39.56,none,0,0,0,0,0,0,0,0,100,NO,0,0,0,-52,-52,0,0,0,0,0
lite,YES,,KXBTCD-25APR30-90000,ABOVE,yes,2025-04-01,2025-04-30,29,90000,48,yes,yes,NO,85170,94183,10.58,60.46,put,0,0,0,7.19,14.99,9.59,0,9.59,95,NO,0,0,0,52,44.81,-7.19,0,7.19,4.99,2.21
standard,YES,,KXBTCD-25APR30-90000,ABOVE,yes,2025-04-01,2025-04-30,29,90000,48,yes,yes,NO,85170,94183,10.58,60.46,put,0,0,0,21.58,44.96,28.78,0,28.78,85,NO,0,0,0,52,30.42,-21.58,0,21.58,14.97,6.62
shield,NO,target W=0.70 requires rebate 57.56 > stake 48.00,KXBTCD-25APR30-90000,ABOVE,yes,2025-04-01,2025-04-30,29,90000,48,yes,yes,NO,85170,94183,10.58,60.46,none,0,0,0,0,0,0,0,0,100,NO,0,0,0,52,52,0,0,0,0,0
shield_plus,NO,target W=0.70 requires rebate 68.22 > stake 48.00,KXBTCD-25APR30-90000,ABOVE,yes,2025-04-01,2025-04-30,29,90000,48,yes,yes,NO,85170,94183,10.58,60.46,none,0,0,0,0,0,0,0,0,100,NO,0,0,0,52,52,0,0,0,0,0
lite,YES,,KXBTCD-25MAY30-95000,ABOVE,yes,2025-05-01,2025-05-30,29,95000,56,yes,yes,NO,96525,104033,7.78,54.44,put,0,0,0,4.86,8.68,7.66,0,7.66,95,NO,0,0,0,44,39.14,-4.86,0,4.86,3.37,1.49
standard,YES,,KXBTCD-25MAY30-95000,ABOVE,yes,2025-05-01,2025-05-30,29,95000,56,yes,yes,NO,96525,104033,7.78,54.44,put,0,0,0,14.58,26.04,22.98,0,22.98,85,NO,0,0,0,44,29.42,-14.58,0,14.58,10.11,4.47
shield,YES,,KXBTCD-25MAY30-95000,ABOVE,yes,2025-05-01,2025-05-30,29,95000,56,yes,yes,NO,96525,104033,7.78,54.44,put,0,0,0,29.16,52.07,45.96,0,45.96,70,NO,0,0,0,44,14.84,-29.16,0,29.16,20.22,8.94
shield_plus,YES,,KXBTCD-25MAY30-95000,ABOVE,yes,2025-05-01,2025-05-30,29,95000,56,yes,yes,NO,96525,104033,7.78,54.44,put,95000,90000,5000,34.1,60.9,50.9,2.9,53.8,70,NO,0,0,0,44,9.9,-34.1,0,34.1,23.69,10.42
lite,YES,,KXBTCD-25JUN27-100000,ABOVE,yes,2025-06-01,2025-06-27,26,100000,72,yes,yes,NO,105698,107113,1.34,35.76,put,0,0,0,2.44,3.39,6.04,0,6.04,95,NO,0,0,0,28,25.56,-2.44,0,2.44,1.69,0.75
standard,YES,,KXBTCD-25JUN27-100000,ABOVE,yes,2025-06-01,2025-06-27,26,100000,72,yes,yes,NO,105698,107113,1.34,35.76,put,0,0,0,7.31,10.16,18.11,0,18.11,85,NO,0,0,0,28,20.69,-7.31,0,7.31,5.07,2.24
shield,YES,,KXBTCD-25JUN27-100000,ABOVE,yes,2025-06-01,2025-06-27,26,100000,72,yes,yes,NO,105698,107113,1.34,35.76,put,0,0,0,14.63,20.32,36.23,0,36.23,70,NO,0,0,0,28,13.37,-14.63,0,14.63,10.14,4.48
shield_plus,YES,,KXBTCD-25JUN27-100000,ABOVE,yes,2025-06-01,2025-06-27,26,100000,72,yes,yes,NO,105698,107113,1.34,35.76,put,100000,95000,5000,16.7,23.2,38.3,3.41,41.71,70,NO,0,0,0,28,11.3,-16.7,0,16.7,11.61,5.09
lite,YES,,KXBTCD-25JUL31-105000,ABOVE,yes,2025-07-01,2025-07-31,30,105000,65,yes,yes,NO,105712,115761,9.51,32.08,put,0,0,0,3.31,5.09,6.56,0,6.56,95,NO,0,0,0,35,31.69,-3.31,0,3.31,2.3,1.02
standard,YES,,KXBTCD-25JUL31-105000,ABOVE,yes,2025-07-01,2025-07-31,30,105000,65,yes,yes,NO,105712,115761,9.51,32.08,put,0,0,0,9.94,15.28,19.69,0,19.69,85,NO,0,0,0,35,25.06,-9.94,0,9.94,6.89,3.05
shield,YES,,KXBTCD-25JUL31-105000,ABOVE,yes,2025-07-01,2025-07-31,30,105000,65,yes,yes,NO,105712,115761,9.51,32.08,put,0,0,0,19.87,30.57,39.37,0,39.37,70,NO,0,0,0,35,15.13,-19.87,0,19.87,13.78,6.09
shield_plus,YES,,KXBTCD-25JUL31-105000,ABOVE,yes,2025-07-01,2025-07-31,30,105000,65,yes,yes,NO,105712,115761,9.51,32.08,put,105000,100000,5000,23.38,35.96,42.88,3.07,45.95,70,NO,0,0,0,35,11.62,-23.38,0,23.38,16.25,7.13
lite,YES,,KXBTCD-25AUG29-110000,ABOVE,yes,2025-08-01,2025-08-29,28,110000,70,no,no,NO,113249,108378,-4.3,25.78,put,0,0,0,2.67,3.81,6.17,0,6.17,95,YES,0,6.17,6.17,-70,-66.5,3.5,8.81,2.67,1.85,0.63
standard,YES,,KXBTCD-25AUG29-110000,ABOVE,yes,2025-08-01,2025-08-29,28,110000,70,no,no,NO,113249,108378,-4.3,25.78,put,0,0,0,8.01,11.44,18.51,0,18.51,85,YES,0,18.51,18.51,-70,-59.5,10.5,26.44,8.01,5.55,1.9
shield,YES,,KXBTCD-25AUG29-110000,ABOVE,yes,2025-08-01,2025-08-29,28,110000,70,no,no,NO,113249,108378,-4.3,25.78,put,0,0,0,16.01,22.87,37.01,0,37.01,70,YES,0,37.01,37.01,-70,-49,21,52.87,16.01,11.1,3.8
shield_plus,YES,,KXBTCD-25AUG29-110000,ABOVE,yes,2025-08-01,2025-08-29,28,110000,70,no,no,NO,113249,108378,-4.3,25.78,put,110000,105000,5000,18.15,25.93,39.15,3.09,42.24,70,YES,1,39.15,40.15,-70,-48,22,57.36,18.15,12.61,4.36
lite,YES,,KXBTCD-25SEP26-95000,ABOVE,yes,2025-09-01,2025-09-26,25,95000,60,yes,yes,NO,109241,109697,0.42,36.01,put,0,0,0,4.09,6.81,7.09,0,7.09,95,NO,0,0,0,40,35.91,-4.09,0,4.09,2.84,1.25
standard,YES,,KXBTCD-25SEP26-95000,ABOVE,yes,2025-09-01,2025-09-26,25,95000,60,yes,yes,NO,109241,109697,0.42,36.01,put,0,0,0,12.27,20.44,21.27,0,21.27,85,NO,0,0,0,40,27.73,-12.27,0,12.27,8.51,3.76
shield,YES,,KXBTCD-25SEP26-95000,ABOVE,yes,2025-09-01,2025-09-26,25,95000,60,yes,yes,NO,109241,109697,0.42,36.01,put,0,0,0,24.53,40.89,42.53,0,42.53,70,NO,0,0,0,40,15.47,-24.53,0,24.53,17.01,7.52
shield_plus,YES,,KXBTCD-25SEP26-95000,ABOVE,yes,2025-09-01,2025-09-26,25,95000,60,yes,yes,NO,109241,109697,0.42,36.01,put,95000,90000,5000,25.38,42.3,43.38,2.75,46.12,70,NO,0,0,0,40,14.62,-25.38,0,25.38,17.61,7.77
lite,YES,,KXBTCD-25OCT31-100000,ABOVE,yes,2025-10-01,2025-10-31,30,100000,65,yes,yes,NO,118660,109555,-7.67,27.77,put,0,0,0,3.31,5.09,6.56,0,6.56,95,NO,0,0,0,35,31.69,-3.31,0,3.31,2.3,1.02
standard,YES,,KXBTCD-25OCT31-100000,ABOVE,yes,2025-10-01,2025-10-31,30,100000,65,yes,yes,NO,118660,109555,-7.67,27.77,put,0,0,0,9.94,15.28,19.69,0,19.69,85,NO,0,0,0,35,25.06,-9.94,0,9.94,6.89,3.05
shield,YES,,KXBTCD-25OCT31-100000,ABOVE,yes,2025-10-01,2025-10-31,30,100000,65,yes,yes,NO,118660,109555,-7.67,27.77,put,0,0,0,19.87,30.57,39.37,0,39.37,70,NO,0,0,0,35,15.13,-19.87,0,19.87,13.78,6.09
shield_plus,YES,,KXBTCD-25OCT31-100000,ABOVE,yes,2025-10-01,2025-10-31,30,100000,65,yes,yes,NO,118660,109555,-7.67,27.77,put,100000,95000,5000,20.15,31,39.65,2.74,42.39,70,NO,0,0,0,35,14.85,-20.15,0,20.15,13.98,6.17
lite,YES,,KXBTCD-25NOV28-110000,ABOVE,yes,2025-11-01,2025-11-28,27,110000,62,yes,no,YES,110052,90903,-17.4,41.55,put,0,0,0,3.76,6.06,6.86,0,6.86,95,YES,0,6.86,6.86,-62,-58.9,3.1,11.06,3.76,2.61,0.95
standard,YES,,KXBTCD-25NOV28-110000,ABOVE,yes,2025-11-01,2025-11-28,27,110000,62,yes,no,YES,110052,90903,-17.4,41.55,put,0,0,0,11.27,18.18,20.57,0,20.57,85,YES,0,20.57,20.57,-62,-52.7,9.3,33.18,11.27,7.82,2.84
shield,YES,,KXBTCD-25NOV28-110000,ABOVE,yes,2025-11-01,2025-11-28,27,110000,62,yes,no,YES,110052,90903,-17.4,41.55,put,0,0,0,22.55,36.37,41.15,0,41.15,70,YES,0,41.15,41.15,-62,-43.4,18.6,66.37,22.55,15.64,5.68
shield_plus,YES,,KXBTCD-25NOV28-110000,ABOVE,yes,2025-11-01,2025-11-28,27,110000,62,yes,no,YES,110052,90903,-17.4,41.55,put,110000,105000,5000,26.54,42.8,45.14,2.82,47.95,70,YES,2.82,45.14,47.95,-62,-40.58,21.42,77.34,26.54,18.44,6.74
lite,YES,,KXBTCD-25DEC31-115000,ABOVE,yes,2025-12-01,2025-12-31,30,115000,55,no,no,NO,86282,87498,1.41,46.74,put,0,0,0,5.08,9.24,7.83,0,7.83,95,YES,0,7.83,7.83,-55,-52.25,2.75,14.24,5.08,3.52,1.32
standard,YES,,KXBTCD-25DEC31-115000,ABOVE,yes,2025-12-01,2025-12-31,30,115000,55,no,no,NO,86282,87498,1.41,46.74,put,0,0,0,15.25,27.72,23.5,0,23.5,85,YES,0,23.5,23.5,-55,-46.75,8.25,42.72,15.25,10.57,3.97
shield,YES,,KXBTCD-25DEC31-115000,ABOVE,yes,2025-12-01,2025-12-31,30,115000,55,no,no,NO,86282,87498,1.41,46.74,put,0,0,0,30.5,55.45,47,0,47,70,YES,0,47,47,-55,-38.5,16.5,85.45,30.5,21.15,7.94
shield_plus,NO,target W=0.70 requires rebate 60.21 > stake 55.00,KXBTCD-25DEC31-115000,ABOVE,yes,2025-12-01,2025-12-31,30,115000,55,no,no,NO,86282,87498,1.41,46.74,none,0,0,0,0,0,0,0,0,100,NO,0,0,0,-55,-55,0,0,0,0,0
lite,YES,,KXBTCD-26JAN30-95000,ABOVE,yes,2026-01-01,2026-01-30,29,95000,58,no,no,NO,88738,84111,-5.21,28.43,put,0,0,0,4.45,7.68,7.35,0,7.35,95,YES,0,7.35,7.35,-58,-55.1,2.9,12.68,4.45,3.09,1.14
standard,YES,,KXBTCD-26JAN30-95000,ABOVE,yes,2026-01-01,2026-01-30,29,95000,58,no,no,NO,88738,84111,-5.21,28.43,put,0,0,0,13.36,23.04,22.06,0,22.06,85,YES,0,22.06,22.06,-58,-49.3,8.7,38.04,13.36,9.27,3.43
shield,YES,,KXBTCD-26JAN30-95000,ABOVE,yes,2026-01-01,2026-01-30,29,95000,58,no,no,NO,88738,84111,-5.21,28.43,put,0,0,0,26.72,46.07,44.12,0,44.12,70,YES,0,44.12,44.12,-58,-40.6,17.4,76.07,26.72,18.53,6.87
shield_plus,YES,,KXBTCD-26JAN30-95000,ABOVE,yes,2026-01-01,2026-01-30,29,95000,58,no,no,NO,88738,84111,-5.21,28.43,put,95000,90000,5000,35.59,61.36,52.99,3.27,56.25,70,YES,3.27,52.99,56.25,-58,-37.33,20.67,96.99,35.59,24.75,9.25
lite,YES,,KXBTCD-26FEB27-90000,ABOVE,yes,2026-02-01,2026-02-27,26,90000,55,no,no,NO,76896,65860,-14.35,43.77,put,0,0,0,5.08,9.24,7.83,0,7.83,95,YES,0,7.83,7.83,-55,-52.25,2.75,14.24,5.08,3.52,1.32
standard,YES,,KXBTCD-26FEB27-90000,ABOVE,yes,2026-02-01,2026-02-27,26,90000,55,no,no,NO,76896,65860,-14.35,43.77,put,0,0,0,15.25,27.72,23.5,0,23.5,85,YES,0,23.5,23.5,-55,-46.75,8.25,42.72,15.25,10.57,3.97
shield,YES,,KXBTCD-26FEB27-90000,ABOVE,yes,2026-02-01,2026-02-27,26,90000,55,no,no,NO,76896,65860,-14.35,43.77,put,0,0,0,30.5,55.45,47,0,47,70,YES,0,47,47,-55,-38.5,16.5,85.45,30.5,21.15,7.94
shield_plus,NO,target W=0.70 requires rebate 60.18 > stake 55.00,KXBTCD-26FEB27-90000,ABOVE,yes,2026-02-01,2026-02-27,26,90000,55,no,no,NO,76896,65860,-14.35,43.77,none,0,0,0,0,0,0,0,0,100,NO,0,0,0,-55,-55,0,0,0,0,0
lite,YES,,KXBTCD-26MAR27-85000,ABOVE,yes,2026-03-01,2026-03-27,26,85000,52,yes,no,YES,65769,66353,0.89,82.48,put,0,0,0,5.85,11.24,8.45,0,8.45,95,YES,0,8.45,8.45,-52,-49.4,2.6,16.24,5.85,4.05,1.54
standard,YES,,KXBTCD-26MAR27-85000,ABOVE,yes,2026-03-01,2026-03-27,26,85000,52,yes,no,YES,65769,66353,0.89,82.48,put,0,0,0,17.54,33.73,25.34,0,25.34,85,YES,0,25.34,25.34,-52,-44.2,7.8,48.73,17.54,12.16,4.62
shield,YES,,KXBTCD-26MAR27-85000,ABOVE,yes,2026-03-01,2026-03-27,26,85000,52,yes,no,YES,65769,66353,0.89,82.48,put,0,0,0,35.08,67.45,50.68,0,50.68,70,YES,0,50.68,50.68,-52,-36.4,15.6,97.45,35.08,24.32,9.23
shield_plus,NO,target W=0.70 requires rebate 67.45 > stake 52.00,KXBTCD-26MAR27-85000,ABOVE,yes,2026-03-01,2026-03-27,26,85000,52,yes,no,YES,65769,66353,0.89,82.48,none,0,0,0,0,0,0,0,0,100,NO,0,0,0,-52,-52,0,0,0,0,0
lite,NO,loss-leg too expensive (q=72¢, q×m×(1+f)=1.04 ≥ 1 / max-feasible),KXBTCD-24DEC31-100000-NO,ABOVE,no,2024-12-01,2024-12-31,30,100000,72,no,no,NO,97263,93354,-4.02,60.05,none,0,0,0,0,0,0,0,0,100,NO,0,0,0,72,72,0,0,0,0,0
standard,NO,loss-leg too expensive (q=72¢, q×m×(1+f)=1.04 ≥ 1 / max-feasible),KXBTCD-24DEC31-100000-NO,ABOVE,no,2024-12-01,2024-12-31,30,100000,72,no,no,NO,97263,93354,-4.02,60.05,none,0,0,0,0,0,0,0,0,100,NO,0,0,0,72,72,0,0,0,0,0
shield,NO,loss-leg too expensive (q=72¢, q×m×(1+f)=1.04 ≥ 1 / max-feasible),KXBTCD-24DEC31-100000-NO,ABOVE,no,2024-12-01,2024-12-31,30,100000,72,no,no,NO,97263,93354,-4.02,60.05,none,0,0,0,0,0,0,0,0,100,NO,0,0,0,72,72,0,0,0,0,0
shield_plus,NO,loss-leg too expensive (q=72¢, q×m×(1+f)=1.04 ≥ 1 / max-feasible),KXBTCD-24DEC31-100000-NO,ABOVE,no,2024-12-01,2024-12-31,30,100000,72,no,no,NO,97263,93354,-4.02,60.05,none,0,0,0,0,0,0,0,0,100,NO,0,0,0,72,72,0,0,0,0,0
lite,YES,,KXBTCD-25FEB28-100000-NO,ABOVE,no,2025-02-01,2025-02-28,27,100000,58,no,no,NO,100624,84298,-16.22,43.62,call,0,0,0,10.73,25.55,12.83,0,12.83,95,NO,0,0,0,58,47.27,-10.73,0,10.73,7.44,3.29
standard,YES,,KXBTCD-25FEB28-100000-NO,ABOVE,no,2025-02-01,2025-02-28,27,100000,58,no,no,NO,100624,84298,-16.22,43.62,call,0,0,0,32.2,76.66,38.5,0,38.5,85,NO,0,0,0,58,25.8,-32.2,0,32.2,22.33,9.87
shield,NO,target W=0.70 requires rebate 77.00 > stake 42.00,KXBTCD-25FEB28-100000-NO,ABOVE,no,2025-02-01,2025-02-28,27,100000,58,no,no,NO,100624,84298,-16.22,43.62,none,0,0,0,0,0,0,0,0,100,NO,0,0,0,58,58,0,0,0,0,0
shield_plus,NO,target W=0.70 requires rebate 84.95 > stake 42.00,KXBTCD-25FEB28-100000-NO,ABOVE,no,2025-02-01,2025-02-28,27,100000,58,no,no,NO,100624,84298,-16.22,43.62,none,0,0,0,0,0,0,0,0,100,NO,0,0,0,58,58,0,0,0,0,0
lite,YES,,KXBTCD-25NOV28-110000-NO,ABOVE,no,2025-11-01,2025-11-28,27,110000,62,yes,no,YES,110052,90903,-17.4,41.55,call,0,0,0,16.03,42.19,17.93,0,17.93,95,NO,0,0,0,62,45.97,-16.03,0,16.03,11.12,4.91
standard,NO,target W=0.85 requires rebate 53.79 > stake 38.00,KXBTCD-25NOV28-110000-NO,ABOVE,no,2025-11-01,2025-11-28,27,110000,62,yes,no,YES,110052,90903,-17.4,41.55,none,0,0,0,0,0,0,0,0,100,NO,0,0,0,62,62,0,0,0,0,0
shield,NO,target W=0.70 requires rebate 107.59 > stake 38.00,KXBTCD-25NOV28-110000-NO,ABOVE,no,2025-11-01,2025-11-28,27,110000,62,yes,no,YES,110052,90903,-17.4,41.55,none,0,0,0,0,0,0,0,0,100,NO,0,0,0,62,62,0,0,0,0,0
shield_plus,NO,target W=0.70 requires rebate 117.28 > stake 38.00,KXBTCD-25NOV28-110000-NO,ABOVE,no,2025-11-01,2025-11-28,27,110000,62,yes,no,YES,110052,90903,-17.4,41.55,none,0,0,0,0,0,0,0,0,100,NO,0,0,0,62,62,0,0,0,0,0
lite,YES,,KXBTCD-25DEC31-115000-NO,ABOVE,no,2025-12-01,2025-12-31,30,115000,55,no,no,NO,86282,87498,1.41,46.74,call,0,0,0,8.62,19.17,10.87,0,10.87,95,NO,0,0,0,55,46.38,-8.62,0,8.62,5.98,2.64
standard,YES,,KXBTCD-25DEC31-115000-NO,ABOVE,no,2025-12-01,2025-12-31,30,115000,55,no,no,NO,86282,87498,1.41,46.74,call,0,0,0,25.87,57.5,32.62,0,32.62,85,NO,0,0,0,55,29.13,-25.87,0,25.87,17.94,7.93
shield,NO,target W=0.70 requires rebate 65.25 > stake 45.00,KXBTCD-25DEC31-115000-NO,ABOVE,no,2025-12-01,2025-12-31,30,115000,55,no,no,NO,86282,87498,1.41,46.74,none,0,0,0,0,0,0,0,0,100,NO,0,0,0,55,55,0,0,0,0,0
shield_plus,NO,target W=0.70 requires rebate 65.89 > stake 45.00,KXBTCD-25DEC31-115000-NO,ABOVE,no,2025-12-01,2025-12-31,30,115000,55,no,no,NO,86282,87498,1.41,46.74,none,0,0,0,0,0,0,0,0,100,NO,0,0,0,55,55,0,0,0,0,0
lite,YES,,KXBTCD-24NOV29-80000-NO,ABOVE,no,2024-11-01,2024-11-29,28,80000,62,yes,yes,NO,69467,97491,40.34,36.89,call,0,0,0,16.03,42.19,17.93,0,17.93,95,YES,0,17.93,17.93,-38,-36.1,1.9,47.19,16.03,11.12,4.38
standard,NO,target W=0.85 requires rebate 53.79 > stake 38.00,KXBTCD-24NOV29-80000-NO,ABOVE,no,2024-11-01,2024-11-29,28,80000,62,yes,yes,NO,69467,97491,40.34,36.89,none,0,0,0,0,0,0,0,0,100,NO,0,0,0,-38,-38,0,0,0,0,0
shield,NO,target W=0.70 requires rebate 107.59 > stake 38.00,KXBTCD-24NOV29-80000-NO,ABOVE,no,2024-11-01,2024-11-29,28,80000,62,yes,yes,NO,69467,97491,40.34,36.89,none,0,0,0,0,0,0,0,0,100,NO,0,0,0,-38,-38,0,0,0,0,0
shield_plus,NO,target W=0.70 requires rebate 110.79 > stake 38.00,KXBTCD-24NOV29-80000-NO,ABOVE,no,2024-11-01,2024-11-29,28,80000,62,yes,yes,NO,69467,97491,40.34,36.89,none,0,0,0,0,0,0,0,0,100,NO,0,0,0,-38,-38,0,0,0,0,0
lite,NO,loss-leg too expensive (q=78¢, q×m×(1+f)=1.12 ≥ 1 / max-feasible),KXBTCMINY-24FEB-40000,BELOW,yes,2024-01-31,2024-02-29,29,40000,22,no,no,NO,42548,61179,43.79,54.3,none,0,0,0,0,0,0,0,0,100,NO,0,0,0,-22,-22,0,0,0,0,0
standard,NO,loss-leg too expensive (q=78¢, q×m×(1+f)=1.12 ≥ 1 / max-feasible),KXBTCMINY-24FEB-40000,BELOW,yes,2024-01-31,2024-02-29,29,40000,22,no,no,NO,42548,61179,43.79,54.3,none,0,0,0,0,0,0,0,0,100,NO,0,0,0,-22,-22,0,0,0,0,0
shield,NO,loss-leg too expensive (q=78¢, q×m×(1+f)=1.12 ≥ 1 / max-feasible),KXBTCMINY-24FEB-40000,BELOW,yes,2024-01-31,2024-02-29,29,40000,22,no,no,NO,42548,61179,43.79,54.3,none,0,0,0,0,0,0,0,0,100,NO,0,0,0,-22,-22,0,0,0,0,0
shield_plus,NO,loss-leg too expensive (q=78¢, q×m×(1+f)=1.12 ≥ 1 / max-feasible),KXBTCMINY-24FEB-40000,BELOW,yes,2024-01-31,2024-02-29,29,40000,22,no,no,NO,42548,61179,43.79,54.3,none,0,0,0,0,0,0,0,0,100,NO,0,0,0,-22,-22,0,0,0,0,0
lite,NO,loss-leg too expensive (q=72¢, q×m×(1+f)=1.04 ≥ 1 / max-feasible),KXBTCMINY-24MAY-55000,BELOW,yes,2024-05-01,2024-05-31,30,55000,28,no,no,NO,58266,67472,15.8,54.32,none,0,0,0,0,0,0,0,0,100,NO,0,0,0,-28,-28,0,0,0,0,0
standard,NO,loss-leg too expensive (q=72¢, q×m×(1+f)=1.04 ≥ 1 / max-feasible),KXBTCMINY-24MAY-55000,BELOW,yes,2024-05-01,2024-05-31,30,55000,28,no,no,NO,58266,67472,15.8,54.32,none,0,0,0,0,0,0,0,0,100,NO,0,0,0,-28,-28,0,0,0,0,0
shield,NO,loss-leg too expensive (q=72¢, q×m×(1+f)=1.04 ≥ 1 / max-feasible),KXBTCMINY-24MAY-55000,BELOW,yes,2024-05-01,2024-05-31,30,55000,28,no,no,NO,58266,67472,15.8,54.32,none,0,0,0,0,0,0,0,0,100,NO,0,0,0,-28,-28,0,0,0,0,0
shield_plus,NO,loss-leg too expensive (q=72¢, q×m×(1+f)=1.04 ≥ 1 / max-feasible),KXBTCMINY-24MAY-55000,BELOW,yes,2024-05-01,2024-05-31,30,55000,28,no,no,NO,58266,67472,15.8,54.32,none,0,0,0,0,0,0,0,0,100,NO,0,0,0,-28,-28,0,0,0,0,0
lite,NO,loss-leg too expensive (q=70¢, q×m×(1+f)=1.01 ≥ 1 / max-feasible),KXBTCMINY-24AUG-50000,BELOW,yes,2024-07-31,2024-08-30,30,50000,30,no,no,NO,64610,59113,-8.51,47.39,none,0,0,0,0,0,0,0,0,100,NO,0,0,0,-30,-30,0,0,0,0,0
standard,NO,loss-leg too expensive (q=70¢, q×m×(1+f)=1.01 ≥ 1 / max-feasible),KXBTCMINY-24AUG-50000,BELOW,yes,2024-07-31,2024-08-30,30,50000,30,no,no,NO,64610,59113,-8.51,47.39,none,0,0,0,0,0,0,0,0,100,NO,0,0,0,-30,-30,0,0,0,0,0
shield,NO,loss-leg too expensive (q=70¢, q×m×(1+f)=1.01 ≥ 1 / max-feasible),KXBTCMINY-24AUG-50000,BELOW,yes,2024-07-31,2024-08-30,30,50000,30,no,no,NO,64610,59113,-8.51,47.39,none,0,0,0,0,0,0,0,0,100,NO,0,0,0,-30,-30,0,0,0,0,0
shield_plus,NO,loss-leg too expensive (q=70¢, q×m×(1+f)=1.01 ≥ 1 / max-feasible),KXBTCMINY-24AUG-50000,BELOW,yes,2024-07-31,2024-08-30,30,50000,30,no,no,NO,64610,59113,-8.51,47.39,none,0,0,0,0,0,0,0,0,100,NO,0,0,0,-30,-30,0,0,0,0,0
lite,YES,,KXBTCMINY-25FEB-85000,BELOW,yes,2025-02-01,2025-02-28,27,85000,35,yes,yes,NO,100624,84298,-16.22,43.62,call,0,0,0,26.16,74.74,27.91,0,27.91,95,NO,0,0,0,65,38.84,-26.16,0,26.16,18.14,8.02
standard,NO,target W=0.85 requires rebate 83.73 > stake 35.00,KXBTCMINY-25FEB-85000,BELOW,yes,2025-02-01,2025-02-28,27,85000,35,yes,yes,NO,100624,84298,-16.22,43.62,none,0,0,0,0,0,0,0,0,100,NO,0,0,0,65,65,0,0,0,0,0
shield,NO,target W=0.70 requires rebate 167.46 > stake 35.00,KXBTCMINY-25FEB-85000,BELOW,yes,2025-02-01,2025-02-28,27,85000,35,yes,yes,NO,100624,84298,-16.22,43.62,none,0,0,0,0,0,0,0,0,100,NO,0,0,0,65,65,0,0,0,0,0
shield_plus,NO,target W=0.70 requires rebate 202.68 > stake 35.00,KXBTCMINY-25FEB-85000,BELOW,yes,2025-02-01,2025-02-28,27,85000,35,yes,yes,NO,100624,84298,-16.22,43.62,none,0,0,0,0,0,0,0,0,100,NO,0,0,0,65,65,0,0,0,0,0
lite,NO,loss-leg too expensive (q=70¢, q×m×(1+f)=1.01 ≥ 1 / max-feasible),KXBTCMINY-25MAR-80000,BELOW,yes,2025-03-01,2025-03-28,27,80000,30,no,no,NO,86019,84382,-1.9,39.56,none,0,0,0,0,0,0,0,0,100,NO,0,0,0,-30,-30,0,0,0,0,0
standard,NO,loss-leg too expensive (q=70¢, q×m×(1+f)=1.01 ≥ 1 / max-feasible),KXBTCMINY-25MAR-80000,BELOW,yes,2025-03-01,2025-03-28,27,80000,30,no,no,NO,86019,84382,-1.9,39.56,none,0,0,0,0,0,0,0,0,100,NO,0,0,0,-30,-30,0,0,0,0,0
shield,NO,loss-leg too expensive (q=70¢, q×m×(1+f)=1.01 ≥ 1 / max-feasible),KXBTCMINY-25MAR-80000,BELOW,yes,2025-03-01,2025-03-28,27,80000,30,no,no,NO,86019,84382,-1.9,39.56,none,0,0,0,0,0,0,0,0,100,NO,0,0,0,-30,-30,0,0,0,0,0
shield_plus,NO,loss-leg too expensive (q=70¢, q×m×(1+f)=1.01 ≥ 1 / max-feasible),KXBTCMINY-25MAR-80000,BELOW,yes,2025-03-01,2025-03-28,27,80000,30,no,no,NO,86019,84382,-1.9,39.56,none,0,0,0,0,0,0,0,0,100,NO,0,0,0,-30,-30,0,0,0,0,0
lite,NO,loss-leg too expensive (q=68¢, q×m×(1+f)=0.98 ≥ 1 / max-feasible),KXBTCMINY-25NOV-95000,BELOW,yes,2025-11-01,2025-11-28,27,95000,32,yes,yes,NO,110052,90903,-17.4,41.55,none,0,0,0,0,0,0,0,0,100,NO,0,0,0,68,68,0,0,0,0,0
standard,NO,loss-leg too expensive (q=68¢, q×m×(1+f)=0.98 ≥ 1 / max-feasible),KXBTCMINY-25NOV-95000,BELOW,yes,2025-11-01,2025-11-28,27,95000,32,yes,yes,NO,110052,90903,-17.4,41.55,none,0,0,0,0,0,0,0,0,100,NO,0,0,0,68,68,0,0,0,0,0
shield,NO,loss-leg too expensive (q=68¢, q×m×(1+f)=0.98 ≥ 1 / max-feasible),KXBTCMINY-25NOV-95000,BELOW,yes,2025-11-01,2025-11-28,27,95000,32,yes,yes,NO,110052,90903,-17.4,41.55,none,0,0,0,0,0,0,0,0,100,NO,0,0,0,68,68,0,0,0,0,0
shield_plus,NO,loss-leg too expensive (q=68¢, q×m×(1+f)=0.98 ≥ 1 / max-feasible),KXBTCMINY-25NOV-95000,BELOW,yes,2025-11-01,2025-11-28,27,95000,32,yes,yes,NO,110052,90903,-17.4,41.55,none,0,0,0,0,0,0,0,0,100,NO,0,0,0,68,68,0,0,0,0,0
lite,NO,loss-leg too expensive (q=75¢, q×m×(1+f)=1.08 ≥ 1 / max-feasible),KXBTCMINY-25DEC-90000,BELOW,yes,2025-12-01,2025-12-31,30,90000,25,no,yes,YES,86282,87498,1.41,46.74,none,0,0,0,0,0,0,0,0,100,NO,0,0,0,75,75,0,0,0,0,0
standard,NO,loss-leg too expensive (q=75¢, q×m×(1+f)=1.08 ≥ 1 / max-feasible),KXBTCMINY-25DEC-90000,BELOW,yes,2025-12-01,2025-12-31,30,90000,25,no,yes,YES,86282,87498,1.41,46.74,none,0,0,0,0,0,0,0,0,100,NO,0,0,0,75,75,0,0,0,0,0
shield,NO,loss-leg too expensive (q=75¢, q×m×(1+f)=1.08 ≥ 1 / max-feasible),KXBTCMINY-25DEC-90000,BELOW,yes,2025-12-01,2025-12-31,30,90000,25,no,yes,YES,86282,87498,1.41,46.74,none,0,0,0,0,0,0,0,0,100,NO,0,0,0,75,75,0,0,0,0,0
shield_plus,NO,loss-leg too expensive (q=75¢, q×m×(1+f)=1.08 ≥ 1 / max-feasible),KXBTCMINY-25DEC-90000,BELOW,yes,2025-12-01,2025-12-31,30,90000,25,no,yes,YES,86282,87498,1.41,46.74,none,0,0,0,0,0,0,0,0,100,NO,0,0,0,75,75,0,0,0,0,0
lite,NO,loss-leg too expensive (q=72¢, q×m×(1+f)=1.04 ≥ 1 / max-feasible),KXBTCMINY-26JAN-85000,BELOW,yes,2026-01-01,2026-01-30,29,85000,28,no,yes,YES,88738,84111,-5.21,28.43,none,0,0,0,0,0,0,0,0,100,NO,0,0,0,72,72,0,0,0,0,0
standard,NO,loss-leg too expensive (q=72¢, q×m×(1+f)=1.04 ≥ 1 / max-feasible),KXBTCMINY-26JAN-85000,BELOW,yes,2026-01-01,2026-01-30,29,85000,28,no,yes,YES,88738,84111,-5.21,28.43,none,0,0,0,0,0,0,0,0,100,NO,0,0,0,72,72,0,0,0,0,0
shield,NO,loss-leg too expensive (q=72¢, q×m×(1+f)=1.04 ≥ 1 / max-feasible),KXBTCMINY-26JAN-85000,BELOW,yes,2026-01-01,2026-01-30,29,85000,28,no,yes,YES,88738,84111,-5.21,28.43,none,0,0,0,0,0,0,0,0,100,NO,0,0,0,72,72,0,0,0,0,0
shield_plus,NO,loss-leg too expensive (q=72¢, q×m×(1+f)=1.04 ≥ 1 / max-feasible),KXBTCMINY-26JAN-85000,BELOW,yes,2026-01-01,2026-01-30,29,85000,28,no,yes,YES,88738,84111,-5.21,28.43,none,0,0,0,0,0,0,0,0,100,NO,0,0,0,72,72,0,0,0,0,0
lite,YES,,KXBTCMINY-26FEB-80000,BELOW,yes,2026-02-01,2026-02-27,26,80000,35,no,yes,YES,76896,65860,-14.35,43.77,call,0,0,0,26.16,74.74,27.91,0,27.91,95,NO,0,0,0,65,38.84,-26.16,0,26.16,18.14,8.02
standard,NO,target W=0.85 requires rebate 83.73 > stake 35.00,KXBTCMINY-26FEB-80000,BELOW,yes,2026-02-01,2026-02-27,26,80000,35,no,yes,YES,76896,65860,-14.35,43.77,none,0,0,0,0,0,0,0,0,100,NO,0,0,0,65,65,0,0,0,0,0
shield,NO,target W=0.70 requires rebate 167.46 > stake 35.00,KXBTCMINY-26FEB-80000,BELOW,yes,2026-02-01,2026-02-27,26,80000,35,no,yes,YES,76896,65860,-14.35,43.77,none,0,0,0,0,0,0,0,0,100,NO,0,0,0,65,65,0,0,0,0,0
shield_plus,NO,target W=0.70 requires rebate 182.37 > stake 35.00,KXBTCMINY-26FEB-80000,BELOW,yes,2026-02-01,2026-02-27,26,80000,35,no,yes,YES,76896,65860,-14.35,43.77,none,0,0,0,0,0,0,0,0,100,NO,0,0,0,65,65,0,0,0,0,0
lite,YES,,KXBTCMINY-25FEB-85000-NO,BELOW,no,2025-02-01,2025-02-28,27,85000,35,yes,yes,NO,100624,84298,-16.22,43.62,put,0,0,0,3.31,5.09,6.56,0,6.56,95,YES,0,6.56,6.56,-65,-61.75,3.25,10.09,3.31,2.3,0.82
standard,YES,,KXBTCMINY-25FEB-85000-NO,BELOW,no,2025-02-01,2025-02-28,27,85000,35,yes,yes,NO,100624,84298,-16.22,43.62,put,0,0,0,9.94,15.28,19.69,0,19.69,85,YES,0,19.69,19.69,-65,-55.25,9.75,30.28,9.94,6.89,2.45
shield,YES,,KXBTCMINY-25FEB-85000-NO,BELOW,no,2025-02-01,2025-02-28,27,85000,35,yes,yes,NO,100624,84298,-16.22,43.62,put,0,0,0,19.87,30.57,39.37,0,39.37,70,YES,0,39.37,39.37,-65,-45.5,19.5,60.57,19.87,13.78,4.91
shield_plus,YES,,KXBTCMINY-25FEB-85000-NO,BELOW,no,2025-02-01,2025-02-28,27,85000,35,yes,yes,NO,100624,84298,-16.22,43.62,put,85000,80000,5000,20.85,32.08,40.35,3.23,43.58,70,YES,0.45,40.35,40.81,-65,-45.05,19.95,62.78,20.85,14.47,5.17
lite,YES,,KXBTCMINY-25NOV-95000-NO,BELOW,no,2025-11-01,2025-11-28,27,95000,32,yes,yes,NO,110052,90903,-17.4,41.55,put,0,0,0,2.91,4.28,6.31,0,6.31,95,YES,0,6.31,6.31,-68,-64.6,3.4,9.28,2.91,2.02,0.7
standard,YES,,KXBTCMINY-25NOV-95000-NO,BELOW,no,2025-11-01,2025-11-28,27,95000,32,yes,yes,NO,110052,90903,-17.4,41.55,put,0,0,0,8.74,12.85,18.94,0,18.94,85,YES,0,18.94,18.94,-68,-57.8,10.2,27.85,8.74,6.06,2.11
shield,YES,,KXBTCMINY-25NOV-95000-NO,BELOW,no,2025-11-01,2025-11-28,27,95000,32,yes,yes,NO,110052,90903,-17.4,41.55,put,0,0,0,17.48,25.7,37.88,0,37.88,70,YES,0,37.88,37.88,-68,-47.6,20.4,55.7,17.48,12.12,4.22
shield_plus,YES,,KXBTCMINY-25NOV-95000-NO,BELOW,no,2025-11-01,2025-11-28,27,95000,32,yes,yes,NO,110052,90903,-17.4,41.55,put,95000,90000,5000,18.49,27.19,38.89,3.09,41.98,70,YES,2.53,38.89,41.42,-68,-45.07,22.93,60.91,18.49,12.83,4.49
lite,YES,,KXBTCMINY-26FEB-80000-NO,BELOW,no,2026-02-01,2026-02-27,26,80000,35,no,yes,YES,76896,65860,-14.35,43.77,put,0,0,0,3.31,5.09,6.56,0,6.56,95,YES,0,6.56,6.56,-65,-61.75,3.25,10.09,3.31,2.3,0.82
standard,YES,,KXBTCMINY-26FEB-80000-NO,BELOW,no,2026-02-01,2026-02-27,26,80000,35,no,yes,YES,76896,65860,-14.35,43.77,put,0,0,0,9.94,15.28,19.69,0,19.69,85,YES,0,19.69,19.69,-65,-55.25,9.75,30.28,9.94,6.89,2.45
shield,YES,,KXBTCMINY-26FEB-80000-NO,BELOW,no,2026-02-01,2026-02-27,26,80000,35,no,yes,YES,76896,65860,-14.35,43.77,put,0,0,0,19.87,30.57,39.37,0,39.37,70,YES,0,39.37,39.37,-65,-45.5,19.5,60.57,19.87,13.78,4.91
shield_plus,YES,,KXBTCMINY-26FEB-80000-NO,BELOW,no,2026-02-01,2026-02-27,26,80000,35,no,yes,YES,76896,65860,-14.35,43.77,put,80000,75000,5000,27.05,41.61,46.55,4.23,50.77,70,YES,4.23,46.55,50.77,-65,-41.27,23.73,78.11,27.05,18.83,6.82
lite,NO,loss-leg too expensive (q=88¢, q×m×(1+f)=1.27 ≥ 1 / max-feasible),KXBTCMAX-24Q1-150000,HIT,yes,2024-01-15,2024-03-31,76,150000,12,no,no,NO,42490,71289,67.78,53.65,none,0,0,0,0,0,0,0,0,100,NO,0,0,0,-12,-12,0,0,0,0,0
standard,NO,loss-leg too expensive (q=88¢, q×m×(1+f)=1.27 ≥ 1 / max-feasible),KXBTCMAX-24Q1-150000,HIT,yes,2024-01-15,2024-03-31,76,150000,12,no,no,NO,42490,71289,67.78,53.65,none,0,0,0,0,0,0,0,0,100,NO,0,0,0,-12,-12,0,0,0,0,0
shield,NO,loss-leg too expensive (q=88¢, q×m×(1+f)=1.27 ≥ 1 / max-feasible),KXBTCMAX-24Q1-150000,HIT,yes,2024-01-15,2024-03-31,76,150000,12,no,no,NO,42490,71289,67.78,53.65,none,0,0,0,0,0,0,0,0,100,NO,0,0,0,-12,-12,0,0,0,0,0
shield_plus,NO,loss-leg too expensive (q=88¢, q×m×(1+f)=1.27 ≥ 1 / max-feasible),KXBTCMAX-24Q1-150000,HIT,yes,2024-01-15,2024-03-31,76,150000,12,no,no,NO,42490,71289,67.78,53.65,none,0,0,0,0,0,0,0,0,100,NO,0,0,0,-12,-12,0,0,0,0,0
lite,YES,,KXBTCMAX-24Q4-100000,HIT,yes,2024-10-01,2024-12-31,91,100000,65,yes,no,YES,60790,93354,53.57,44.04,none,0,0,0,3.31,5.09,6.56,0,6.56,95,YES,0,6.56,6.56,-65,-61.75,3.25,10.09,3.31,2.3,0.82
standard,YES,,KXBTCMAX-24Q4-100000,HIT,yes,2024-10-01,2024-12-31,91,100000,65,yes,no,YES,60790,93354,53.57,44.04,none,0,0,0,9.94,15.28,19.69,0,19.69,85,YES,0,19.69,19.69,-65,-55.25,9.75,30.28,9.94,6.89,2.45
shield,YES,,KXBTCMAX-24Q4-100000,HIT,yes,2024-10-01,2024-12-31,91,100000,65,yes,no,YES,60790,93354,53.57,44.04,none,0,0,0,19.87,30.57,39.37,0,39.37,70,YES,0,39.37,39.37,-65,-45.5,19.5,60.57,19.87,13.78,4.91
shield_plus,YES,,KXBTCMAX-24Q4-100000,HIT,yes,2024-10-01,2024-12-31,91,100000,65,yes,no,YES,60790,93354,53.57,44.04,none,0,0,0,19.87,30.57,39.37,0,39.37,70,YES,0,39.37,39.37,-65,-45.5,19.5,60.57,19.87,13.78,4.91
lite,YES,,KXBTCMAX-25Q1-120000,HIT,yes,2025-01-01,2025-03-31,89,120000,35,no,no,NO,94384,82534,-12.55,44.76,none,0,0,0,26.16,74.74,27.91,0,27.91,95,YES,0,27.91,27.91,-35,-33.25,1.75,79.74,26.16,18.14,7.18
standard,NO,target W=0.85 requires rebate 83.73 > stake 35.00,KXBTCMAX-25Q1-120000,HIT,yes,2025-01-01,2025-03-31,89,120000,35,no,no,NO,94384,82534,-12.55,44.76,none,0,0,0,0,0,0,0,0,100,NO,0,0,0,-35,-35,0,0,0,0,0
shield,NO,target W=0.70 requires rebate 167.46 > stake 35.00,KXBTCMAX-25Q1-120000,HIT,yes,2025-01-01,2025-03-31,89,120000,35,no,no,NO,94384,82534,-12.55,44.76,none,0,0,0,0,0,0,0,0,100,NO,0,0,0,-35,-35,0,0,0,0,0
shield_plus,NO,target W=0.70 requires rebate 167.46 > stake 35.00,KXBTCMAX-25Q1-120000,HIT,yes,2025-01-01,2025-03-31,89,120000,35,no,no,NO,94384,82534,-12.55,44.76,none,0,0,0,0,0,0,0,0,100,NO,0,0,0,-35,-35,0,0,0,0,0
lite,NO,loss-leg too expensive (q=78¢, q×m×(1+f)=1.12 ≥ 1 / max-feasible),KXBTCMAX-25Q3-150000,HIT,yes,2025-07-01,2025-09-30,91,150000,22,no,no,NO,105712,114068,7.9,32.08,none,0,0,0,0,0,0,0,0,100,NO,0,0,0,-22,-22,0,0,0,0,0
standard,NO,loss-leg too expensive (q=78¢, q×m×(1+f)=1.12 ≥ 1 / max-feasible),KXBTCMAX-25Q3-150000,HIT,yes,2025-07-01,2025-09-30,91,150000,22,no,no,NO,105712,114068,7.9,32.08,none,0,0,0,0,0,0,0,0,100,NO,0,0,0,-22,-22,0,0,0,0,0
shield,NO,loss-leg too expensive (q=78¢, q×m×(1+f)=1.12 ≥ 1 / max-feasible),KXBTCMAX-25Q3-150000,HIT,yes,2025-07-01,2025-09-30,91,150000,22,no,no,NO,105712,114068,7.9,32.08,none,0,0,0,0,0,0,0,0,100,NO,0,0,0,-22,-22,0,0,0,0,0
shield_plus,NO,loss-leg too expensive (q=78¢, q×m×(1+f)=1.12 ≥ 1 / max-feasible),KXBTCMAX-25Q3-150000,HIT,yes,2025-07-01,2025-09-30,91,150000,22,no,no,NO,105712,114068,7.9,32.08,none,0,0,0,0,0,0,0,0,100,NO,0,0,0,-22,-22,0,0,0,0,0
lite,NO,loss-leg too expensive (q=72¢, q×m×(1+f)=1.04 ≥ 1 / max-feasible),KXBTCMAX-25Q4-130000,HIT,yes,2025-10-01,2025-12-31,91,130000,28,no,no,NO,118660,87498,-26.26,27.77,none,0,0,0,0,0,0,0,0,100,NO,0,0,0,-28,-28,0,0,0,0,0
standard,NO,loss-leg too expensive (q=72¢, q×m×(1+f)=1.04 ≥ 1 / max-feasible),KXBTCMAX-25Q4-130000,HIT,yes,2025-10-01,2025-12-31,91,130000,28,no,no,NO,118660,87498,-26.26,27.77,none,0,0,0,0,0,0,0,0,100,NO,0,0,0,-28,-28,0,0,0,0,0
shield,NO,loss-leg too expensive (q=72¢, q×m×(1+f)=1.04 ≥ 1 / max-feasible),KXBTCMAX-25Q4-130000,HIT,yes,2025-10-01,2025-12-31,91,130000,28,no,no,NO,118660,87498,-26.26,27.77,none,0,0,0,0,0,0,0,0,100,NO,0,0,0,-28,-28,0,0,0,0,0
shield_plus,NO,loss-leg too expensive (q=72¢, q×m×(1+f)=1.04 ≥ 1 / max-feasible),KXBTCMAX-25Q4-130000,HIT,yes,2025-10-01,2025-12-31,91,130000,28,no,no,NO,118660,87498,-26.26,27.77,none,0,0,0,0,0,0,0,0,100,NO,0,0,0,-28,-28,0,0,0,0,0
lite,NO,loss-leg too expensive (q=68¢, q×m×(1+f)=0.98 ≥ 1 / max-feasible),KXBTCMAX-26Q1-110000,HIT,yes,2026-01-01,2026-03-31,89,110000,32,no,no,NO,88738,68222,-23.12,28.43,none,0,0,0,0,0,0,0,0,100,NO,0,0,0,-32,-32,0,0,0,0,0
standard,NO,loss-leg too expensive (q=68¢, q×m×(1+f)=0.98 ≥ 1 / max-feasible),KXBTCMAX-26Q1-110000,HIT,yes,2026-01-01,2026-03-31,89,110000,32,no,no,NO,88738,68222,-23.12,28.43,none,0,0,0,0,0,0,0,0,100,NO,0,0,0,-32,-32,0,0,0,0,0
shield,NO,loss-leg too expensive (q=68¢, q×m×(1+f)=0.98 ≥ 1 / max-feasible),KXBTCMAX-26Q1-110000,HIT,yes,2026-01-01,2026-03-31,89,110000,32,no,no,NO,88738,68222,-23.12,28.43,none,0,0,0,0,0,0,0,0,100,NO,0,0,0,-32,-32,0,0,0,0,0
shield_plus,NO,loss-leg too expensive (q=68¢, q×m×(1+f)=0.98 ≥ 1 / max-feasible),KXBTCMAX-26Q1-110000,HIT,yes,2026-01-01,2026-03-31,89,110000,32,no,no,NO,88738,68222,-23.12,28.43,none,0,0,0,0,0,0,0,0,100,NO,0,0,0,-32,-32,0,0,0,0,0
